hashtags,count
btsbbmas,14
bbmas,3
weneedaspecialprosecutor,2
nickibbmas,2
weneedanindependentinvestigation,2
sosmexico,2
hope,1
五月十四日,1
maiteperroniloca,1
consapevolezza,1
laliga,1
sorrynotsorry,1
everythingeverything,1
prettylittleliars,1
beresilience,1
autism,1
nyc,1
teamjess,1
power,1
visuallyspeaking,1
سنابات_كروم,1
trump,1
hedid,1
nfldk,1
amancalledove,1
webdesign,1
workcon2017,1
regole,1
conducaocoercitivasim,1
pensieribambini,1
وليد_الشمري_فارس_حياتك,1
hybridpower,1
manofthematch,1
be360,1
tgod,1
topbbmas,1
energystorage,1
sensory,1
trumpderangementsyndrome,1
corettawarnedus,1
malibutoday,1
trumprussianinvestigation,1
kemalgün77gündüraçlıkgrevinde,1
españolesconvalores,1
energymix,1
oneshow2017,1
greatestgen,1
yallsadministration,1
catyoga,1
inspiration,1
vallsisoverparty,1
italian,1
realherrera,1
energyharvest,1
meltdown,1
p,1
bdnmb,1
hainepöhdüşmanajöh,1
hcd,1
aldubxdtbyredemption,1
mccabe,1
therealdeal,1
obamacare,1
obstructingjustice,1
partnerships,1
ambassacats,1
fabulousfriday,1
loboacademics,1
africa,1
queparezcaunaccidente,1
bama2017diamondedition_exo,1
coconutcreme,1
rosenstein,1
locamania,1
vallsdegage,1
whm,1
greenafrica,1
greatnews,1
thisisnotnormal,1
府内町,1
pll,1
bffl,1
scuola,1
shutdown,1
snowwhite,1
coco,1
pllendgame,1
youcandoit,1
obamafail,1
solarpower,1
imfar2017,1
futurecrimespree,1
biz,1
cr7,1
brain,1
transformaciondigital,1
trueloveskiss,1
resist,1
